[
  {"name":"Чемпионат России", "id":"20", "abbr":"RUS",
    "leagues":[
      {"name":"Премьер лига", "id":"1"},
      {"name":"Первый дивизион", "id":"2"}
    ],
    "seasons":[
      {"name":"2012-2013", "id":"2012_2013"},
      {"name":"2013-2014", "id":"2013_2014"}
    ]
  },
  {"name":"Чемпионат Англии", "id":"23", "abbr":"ENG",
    "leagues":[
      {"name":"Премьер лига", "id":"1"},
      {"name":"Чемпионшип", "id":"2"}
    ],
    "seasons":[
      {"name":"2012-2013", "id":"2012_2013"},
      {"name":"2013-2014", "id":"2013_2014"}
    ]
  }
]